<?xml version="1.0" encoding="utf-8" standalone="yes" ?>
<rss version="2.0" xmlns:atom="http://www.w3.org/2005/Atom">
  <channel>
    <title>Homes on Hugo González Labrador</title>
    <link>http://hugo.labkode.com/home/</link>
    <description>Recent content in Homes on Hugo González Labrador</description>
    <generator>Hugo -- gohugo.io</generator>
    <language>en-us</language>
    <copyright>&amp;copy; 2016 Hugo González Labrador</copyright>
    <atom:link href="http://hugo.labkode.com/home/index.xml" rel="self" type="application/rss+xml" />
    
    <item>
      <title>about</title>
      <link>http://hugo.labkode.com/home/about/</link>
      <pubDate>Mon, 01 Jan 0001 00:00:00 +0000</pubDate>
      
      <guid>http://hugo.labkode.com/home/about/</guid>
      <description>

&lt;h1 id=&#34;biography:6083a88ee3411b0d17ce02d738f69d47&#34;&gt;Biography&lt;/h1&gt;

&lt;p&gt;Hugo González Labrador is a student in the MEng of Computer Engineering at the University of Vigo in Spain.
His work at CERN inside the IT Storage group involved the design and development of the
CERNBox project, a petabyte-scale cloud synchronisation and sharing platform.
He presented his work in various international conferences and collaborated on different scientific publications.
He has for worked for the University of Vigo in two research projects - ClawIO (a cloud synchronisation benchmarking framework)
and PentaS (a coordinated space engineering project under HumSAT 2.0).
He will join CERN again to continue the development of the CERNBox project.&lt;/p&gt;
</description>
    </item>
    
    <item>
      <title>teaching</title>
      <link>http://hugo.labkode.com/home/teaching/</link>
      <pubDate>Wed, 20 Apr 2016 00:00:00 +0000</pubDate>
      
      <guid>http://hugo.labkode.com/home/teaching/</guid>
      <description>&lt;p&gt;I have given the following dojos at the University of Vigo:&lt;/p&gt;

&lt;ul&gt;
&lt;li&gt;Docker: Container virtualisation&lt;/li&gt;
&lt;li&gt;Do you want to be a Gopher? Google&amp;rsquo;s Go programming language&lt;/li&gt;
&lt;/ul&gt;
</description>
    </item>
    
  </channel>
</rss>