<?xml version="1.0" encoding="utf-8" standalone="yes" ?>
<rss version="2.0" xmlns:atom="http://www.w3.org/2005/Atom">
  <channel>
    <title>Posts on </title>
    <link>/post/</link>
    <description>Recent content in Posts on </description>
    <generator>Hugo -- gohugo.io</generator>
    <lastBuildDate>Wed, 20 Apr 2016 12:00:00 +0000</lastBuildDate>
    <atom:link href="/post/index.xml" rel="self" type="application/rss+xml" />
    
    <item>
      <title>Getting started with the Academic theme for Hugo</title>
      <link>/post/getting-started/</link>
      <pubDate>Wed, 20 Apr 2016 12:00:00 +0000</pubDate>
      
      <guid>/post/getting-started/</guid>
      <description>

&lt;p&gt;The Academic theme enables you to easily create a personal academic website using the &lt;a href=&#34;https://gohugo.io&#34;&gt;Hugo&lt;/a&gt; static site generator.&lt;/p&gt;

&lt;p&gt;Key features:&lt;/p&gt;

&lt;ul&gt;
&lt;li&gt;Designed for academic staff, students, or general personal use&lt;/li&gt;
&lt;li&gt;Includes Biography, Publications, Projects, News/Blog, Teaching, and Contact sections&lt;/li&gt;
&lt;li&gt;Write in &lt;a href=&#34;https://github.com/adam-p/markdown-here/wiki/Markdown-Cheatsheet&#34;&gt;Markdown&lt;/a&gt; for easy formatting and code highlighting, with &lt;a href=&#34;https://en.wikibooks.org/wiki/LaTeX/Mathematics&#34;&gt;LaTeX&lt;/a&gt; for mathematical expressions&lt;/li&gt;
&lt;li&gt;Academic linking (Scholar etc.), Google Analytics, and Disqus comments&lt;/li&gt;
&lt;li&gt;Responsive and mobile friendly&lt;/li&gt;
&lt;li&gt;Simple and refreshing one page design&lt;/li&gt;
&lt;li&gt;Easy to customize&lt;/li&gt;
&lt;/ul&gt;

&lt;h2 id=&#34;installation:b6885e1f85551f51a4707c402f8200a3&#34;&gt;Installation&lt;/h2&gt;

&lt;ol&gt;
&lt;li&gt;&lt;p&gt;Install &lt;a href=&#34;https://gohugo.io/overview/installing/&#34;&gt;Hugo&lt;/a&gt; and create a new website:&lt;/p&gt;

&lt;pre&gt;&lt;code&gt;hugo new site my_website
cd my_website
&lt;/code&gt;&lt;/pre&gt;&lt;/li&gt;

&lt;li&gt;&lt;p&gt;Install Academic theme with &lt;a href=&#34;https://help.github.com/articles/set-up-git/&#34;&gt;git&lt;/a&gt;:&lt;/p&gt;

&lt;pre&gt;&lt;code&gt;git clone https://github.com/gcushen/hugo-academic.git themes/academic
&lt;/code&gt;&lt;/pre&gt;

&lt;p&gt;Or alternatively, &lt;a href=&#34;https://github.com/gcushen/hugo-academic/archive/master.zip&#34;&gt;download Academic&lt;/a&gt; and extract it into a &lt;code&gt;themes/academic&lt;/code&gt; folder within your Hugo website.&lt;/p&gt;&lt;/li&gt;

&lt;li&gt;&lt;p&gt;If you are creating a new website, copy the contents of the &lt;code&gt;exampleSite&lt;/code&gt; folder to your website root folder, overwriting existing files if necessary. The &lt;code&gt;exampleSite&lt;/code&gt; folder contains an example config file and content to help you get started.&lt;/p&gt;

&lt;pre&gt;&lt;code&gt;cp -av themes/academic/exampleSite/* .
&lt;/code&gt;&lt;/pre&gt;&lt;/li&gt;

&lt;li&gt;&lt;p&gt;Start the Hugo server from your website root folder:&lt;/p&gt;

&lt;pre&gt;&lt;code&gt;hugo server --watch
&lt;/code&gt;&lt;/pre&gt;

&lt;p&gt;Now you can go to &lt;a href=&#34;http://localhost:1313&#34;&gt;localhost:1313&lt;/a&gt; and your new Academic themed website should appear.&lt;/p&gt;&lt;/li&gt;

&lt;li&gt;&lt;p&gt;Customize your website (see next section), build it by running &lt;code&gt;hugo&lt;/code&gt;, and deploy it by copying the &lt;code&gt;public/&lt;/code&gt; directory (by FTP, Rsync, git push, etc.) to your production web server.&lt;/p&gt;&lt;/li&gt;
&lt;/ol&gt;

&lt;h2 id=&#34;getting-started:b6885e1f85551f51a4707c402f8200a3&#34;&gt;Getting Started&lt;/h2&gt;

&lt;p&gt;Assuming you created a new website with the example content following the installation steps above, this section explores just a few more steps in order to customize it.&lt;/p&gt;

&lt;p&gt;The core parameters for the website can be edited in the &lt;code&gt;config.toml&lt;/code&gt; configuration file.&lt;/p&gt;

&lt;p&gt;As can be seen in the example &lt;code&gt;config.toml&lt;/code&gt;, the social/academic networking icons and education qualifications are defined as multiples of &lt;code&gt;[[params.social]]&lt;/code&gt; and &lt;code&gt;[[params.about.education]]&lt;/code&gt; respectively. They can be duplicated or deleted as necessary.&lt;/p&gt;

&lt;p&gt;By default, publications will be displayed in a simple list. If you prefer a more detailed list with abstract and image, you can enable the detailed publication list on the homepage by setting &lt;code&gt;detailed_list = true&lt;/code&gt; under &lt;code&gt;[params.publications]&lt;/code&gt;.&lt;/p&gt;

&lt;p&gt;For deployment, the &lt;code&gt;baseURL&lt;/code&gt; variable should be changed to match your website URL such as &lt;code&gt;baseURL = &amp;quot;http://your-site.org/&amp;quot;&lt;/code&gt;. The example Disqus commenting variable should be cleared (e.g. &lt;code&gt;disqusShortname = &amp;quot;&amp;quot;&lt;/code&gt;) or set to your own Disqus shortname to enable commenting. To enable Google Analytics, add your tracking code in &lt;code&gt;config.toml&lt;/code&gt; similarly to &lt;code&gt;googleAnalytics = &amp;quot;UA-12345678-9&amp;quot;&lt;/code&gt;.&lt;/p&gt;

&lt;p&gt;Next, you may be interested to read the guide about &lt;a href=&#34;/post/managing-content/&#34;&gt;managing content&lt;/a&gt;, or continue reading below for advanced customization tips and instructions for keeping the theme up-to-date with any improvements that become available.&lt;/p&gt;

&lt;h2 id=&#34;advanced-customization:b6885e1f85551f51a4707c402f8200a3&#34;&gt;Advanced customization&lt;/h2&gt;

&lt;p&gt;It is possible to carry out many customizations without touching any files in &lt;code&gt;themes/academic&lt;/code&gt;, making it easier to upgrade the theme in the future.&lt;/p&gt;

&lt;h3 id=&#34;custom-theme-color-css-or-javascript-js:b6885e1f85551f51a4707c402f8200a3&#34;&gt;Custom theme color (CSS) or JavaScript (JS)&lt;/h3&gt;

&lt;p&gt;You can link custom CSS and JS assets (relative to your root &lt;code&gt;static/css&lt;/code&gt; and &lt;code&gt;static/js&lt;/code&gt; respectively) from your &lt;code&gt;config.toml&lt;/code&gt; using &lt;code&gt;custom_css = [&amp;quot;custom.css&amp;quot;]&lt;/code&gt; or &lt;code&gt;custom_js  = [&amp;quot;custom.js&amp;quot;]&lt;/code&gt;.&lt;/p&gt;

&lt;p&gt;For example, lets make a green theme. First, define &lt;code&gt;custom_css = [&amp;quot;green.css&amp;quot;]&lt;/code&gt; in &lt;code&gt;config.toml&lt;/code&gt;. Then we can download the example &lt;a href=&#34;https://gist.github.com/gcushen/d5525a4506b9ccf83f2bce592a895495&#34;&gt;green theme&lt;/a&gt; and save it as &lt;code&gt;static/css/green.css&lt;/code&gt;, relative to your website root (i.e. &lt;strong&gt;not&lt;/strong&gt; in the &lt;code&gt;themes&lt;/code&gt; directory).&lt;/p&gt;

&lt;h3 id=&#34;permalinks:b6885e1f85551f51a4707c402f8200a3&#34;&gt;Permalinks&lt;/h3&gt;

&lt;p&gt;&lt;em&gt;Permalinks&lt;/em&gt;, or &lt;em&gt;permanent links&lt;/em&gt;, are URLs to individual pages and posts on your website. They are permanent web addresses which can be used to link to your content. Using Hugo&amp;rsquo;s &lt;em&gt;permalinks&lt;/em&gt; option these can be easily customized. For example, the blog post URL can be changed to the form &lt;em&gt;yourURL/2016/05/01/my-post-slug&lt;/em&gt; by adding the following near the top of your &lt;code&gt;config.toml&lt;/code&gt; (before &lt;code&gt;[params]&lt;/code&gt; settings):&lt;/p&gt;

&lt;pre&gt;&lt;code&gt;[permalinks]
    post = &amp;quot;/:year/:month/:day/:slug&amp;quot;
&lt;/code&gt;&lt;/pre&gt;

&lt;p&gt;Where &lt;code&gt;:slug&lt;/code&gt; defaults to the filename of the post, excluding the file extension. However, slug may be overridden on a per post basis if desired, simply by setting &lt;code&gt;slug = &amp;quot;my-short-post-title&amp;quot;&lt;/code&gt; in your post preamble.&lt;/p&gt;

&lt;h2 id=&#34;upgrading:b6885e1f85551f51a4707c402f8200a3&#34;&gt;Upgrading&lt;/h2&gt;

&lt;p&gt;Feel free to &lt;em&gt;star&lt;/em&gt; the project on &lt;a href=&#34;https://github.com/gcushen/hugo-academic/&#34;&gt;Github&lt;/a&gt; and monitor the commits for updates.&lt;/p&gt;

&lt;p&gt;Before upgrading the theme, it is recommended to make a backup of your entire website directory, or at least your &lt;code&gt;themes/academic&lt;/code&gt; directory. You can also read about the &lt;a href=&#34;https://github.com/gcushen/hugo-academic/releases&#34;&gt;most recent milestones&lt;/a&gt; (but this doesn&amp;rsquo;t necessarily reflect the latest &lt;em&gt;master&lt;/em&gt; release).&lt;/p&gt;

&lt;p&gt;Before upgrading for the first time, the remote &lt;em&gt;origin&lt;/em&gt; repository should be renamed to &lt;em&gt;upstream&lt;/em&gt;:&lt;/p&gt;

&lt;pre&gt;&lt;code&gt;$ cd themes/academic
$ git remote rename origin upstream
&lt;/code&gt;&lt;/pre&gt;

&lt;p&gt;To list available updates:&lt;/p&gt;

&lt;pre&gt;&lt;code&gt;$ cd themes/academic
$ git fetch upstream
$ git log --pretty=oneline --abbrev-commit --decorate HEAD..upstream/master
&lt;/code&gt;&lt;/pre&gt;

&lt;p&gt;Upgrade by running:&lt;/p&gt;

&lt;pre&gt;&lt;code&gt;$ cd themes/academic
$ git pull upstream
&lt;/code&gt;&lt;/pre&gt;

&lt;p&gt;If you have modified files in &lt;code&gt;themes/academic&lt;/code&gt;, git will attempt to auto-merge changes. If conflicts are reported, you will need to manually edit the files with conflicts and add them back (&lt;code&gt;git add &amp;lt;filename&amp;gt;&lt;/code&gt;).&lt;/p&gt;

&lt;p&gt;If there are any issues after upgrading, you may wish to compare your site with the latest &lt;a href=&#34;https://github.com/gcushen/hugo-academic/tree/master/exampleSite&#34;&gt;example site&lt;/a&gt; to check if any settings changed.&lt;/p&gt;

&lt;h2 id=&#34;contributing:b6885e1f85551f51a4707c402f8200a3&#34;&gt;Contributing&lt;/h2&gt;

&lt;p&gt;Please use the &lt;a href=&#34;https://github.com/gcushen/hugo-academic/issues&#34;&gt;issue tracker&lt;/a&gt; to let me know about any bugs or feature requests, or alternatively make a pull request.&lt;/p&gt;

&lt;h2 id=&#34;license:b6885e1f85551f51a4707c402f8200a3&#34;&gt;License&lt;/h2&gt;

&lt;p&gt;Copyright 2016 &lt;a href=&#34;https://georgecushen.com&#34;&gt;George Cushen&lt;/a&gt;.&lt;/p&gt;

&lt;p&gt;Released under the &lt;a href=&#34;https://github.com/gcushen/hugo-academic/blob/master/LICENSE.md&#34;&gt;MIT&lt;/a&gt; license.&lt;/p&gt;
</description>
    </item>
    
    <item>
      <title>Managing content</title>
      <link>/post/managing-content/</link>
      <pubDate>Wed, 20 Apr 2016 11:00:00 +0000</pubDate>
      
      <guid>/post/managing-content/</guid>
      <description>

&lt;p&gt;This is a brief guide to managing content with the Academic theme. Content can include homepage sections, publications, projects, and news/blog articles. After you have read this guide about creating and managing content, you may also be interested to learn about &lt;a href=&#34;/post/writing-markdown-latex/&#34;&gt;writing content with Markdown, LaTeX, and Shortcodes&lt;/a&gt;.&lt;/p&gt;

&lt;p&gt;To enable LaTeX math rendering for a page, you should include &lt;code&gt;math = true&lt;/code&gt; in the page&amp;rsquo;s &lt;code&gt;+++&lt;/code&gt; preamble, as demonstrated in the included example site. Otherwise, to enable math on the homepage or for all pages, you must globally set &lt;code&gt;math = true&lt;/code&gt; in &lt;code&gt;config.toml&lt;/code&gt;.&lt;/p&gt;

&lt;p&gt;To display an image in publication, post, or project page headers, you can include the &lt;code&gt;image = &amp;quot;my-image.jpg&amp;quot;&lt;/code&gt; option in the page &lt;code&gt;+++&lt;/code&gt; preamble. It is automatically assumed that the image is located in your &lt;code&gt;static/img/&lt;/code&gt; folder. In the context of posts and projects, the image is intended to behave as a full width banner across the top of the article.&lt;/p&gt;

&lt;h2 id=&#34;homepage-sections:50520eca797b64e52c81481b712cad22&#34;&gt;Homepage sections&lt;/h2&gt;

&lt;p&gt;Homepage sections for publications, projects and posts will automatically hide when there is no content of the respective type. Therefore, if you do not require a particular feature, you can simply delete any associated content in the &lt;code&gt;content/&lt;/code&gt; folder.&lt;/p&gt;

&lt;h3 id=&#34;introduce-yourself-with-a-biography:50520eca797b64e52c81481b712cad22&#34;&gt;Introduce yourself with a biography&lt;/h3&gt;

&lt;p&gt;Place a cropped portrait photo named &lt;code&gt;portrait.jpg&lt;/code&gt; into the &lt;code&gt;static/img/&lt;/code&gt; folder, overwriting any defaults.&lt;/p&gt;

&lt;p&gt;Edit your biography in the example &lt;code&gt;content/home/about.md&lt;/code&gt; file that you copied across from the &lt;code&gt;themes/academic/exampleSite/&lt;/code&gt; folder. The research interests and qualifications are stored separately as &lt;code&gt;interests&lt;/code&gt; and &lt;code&gt;education&lt;/code&gt; variables under &lt;code&gt;[params.about]&lt;/code&gt; in &lt;code&gt;config.toml&lt;/code&gt;, as can be seen in the example config. It&amp;rsquo;s possible to completely hide the interests and education lists by deleting their respective variables.&lt;/p&gt;

&lt;h3 id=&#34;add-a-section-to-the-homepage:50520eca797b64e52c81481b712cad22&#34;&gt;Add a section to the homepage&lt;/h3&gt;

&lt;p&gt;To add a new section to the homepage:&lt;/p&gt;

&lt;pre&gt;&lt;code&gt;hugo new home/my-section-name.md
&lt;/code&gt;&lt;/pre&gt;

&lt;p&gt;Then edit the newly created file &lt;code&gt;content/home/my-section-name.md&lt;/code&gt; with your section title and content. In the &lt;code&gt;+++&lt;/code&gt; preamble, you should also increment the &lt;code&gt;section_id&lt;/code&gt; to ensure it&amp;rsquo;s unique amongst the other sections in &lt;code&gt;content/home&lt;/code&gt; and you can adjust &lt;code&gt;weight&lt;/code&gt; variable to change the order within the custom section of the home page.&lt;/p&gt;

&lt;p&gt;You may also wish to add a navigation link pointing to the new section. This can be achieved by adding something similar to the following lines to your &lt;code&gt;config.toml&lt;/code&gt;, where the URL will consist of the first title word in lowercase:&lt;/p&gt;

&lt;pre&gt;&lt;code&gt;[[menu.main]]
    name = &amp;quot;Research&amp;quot;
    url = &amp;quot;#research&amp;quot;
    weight = 10
&lt;/code&gt;&lt;/pre&gt;

&lt;h2 id=&#34;create-a-publication:50520eca797b64e52c81481b712cad22&#34;&gt;Create a publication&lt;/h2&gt;

&lt;p&gt;To create a new publication:&lt;/p&gt;

&lt;pre&gt;&lt;code&gt;hugo new publication/my-paper-name.md
&lt;/code&gt;&lt;/pre&gt;

&lt;p&gt;Then edit the default variables at the top of &lt;code&gt;content/publication/my-paper-name.md&lt;/code&gt; to include the details of your publication. The &lt;code&gt;url_&lt;/code&gt; variables are used to generate links associated with your publication, such as for viewing PDFs of papers. Here is an example:&lt;/p&gt;

&lt;pre&gt;&lt;code&gt;+++
abstract = &amp;quot;An abstract...&amp;quot;
authors = [&amp;quot;First author&#39;s name&amp;quot;, &amp;quot;Second author&#39;s name&amp;quot;]
date = &amp;quot;2013-07-01&amp;quot;
image = &amp;quot;&amp;quot;
image_preview = &amp;quot;&amp;quot;
math = false
publication = &amp;quot;The publishing part of the citation goes here. You may use *Markdown* for italics etc.&amp;quot;
title = &amp;quot;A publication title, such as title of a paper&amp;quot;
url_code = &amp;quot;&amp;quot;
url_dataset = &amp;quot;&amp;quot;
url_pdf = &amp;quot;pdf/my-paper-name.pdf&amp;quot;
url_project = &amp;quot;&amp;quot;
url_slides = &amp;quot;&amp;quot;
url_video = &amp;quot;&amp;quot;
+++

Further details on your publication can be written here using *Markdown* for formatting. This text will be displayed on the Publication Detail page.
&lt;/code&gt;&lt;/pre&gt;

&lt;p&gt;The &lt;code&gt;url_&lt;/code&gt; links can either point to local or web content. Associated local publication content, such as PDFs, may be copied to a &lt;code&gt;static/pdf/&lt;/code&gt; folder and referenced like &lt;code&gt;url_pdf = &amp;quot;pdf/my-paper-name.pdf&amp;quot;&lt;/code&gt;.&lt;/p&gt;

&lt;p&gt;You can also associate custom link buttons with the publication by adding the following block(s) within the variable preamble above, which is denoted by &lt;code&gt;+++&lt;/code&gt;:&lt;/p&gt;

&lt;pre&gt;&lt;code&gt;[[url_custom]]
    name = &amp;quot;Custom Link&amp;quot;
    url = &amp;quot;http://www.example.org&amp;quot;
&lt;/code&gt;&lt;/pre&gt;

&lt;p&gt;If you enabled &lt;code&gt;detailed_list&lt;/code&gt; for publications in &lt;code&gt;config.toml&lt;/code&gt;, then there are a few more optional variables that you can include in the publication page preamble. You may use &lt;code&gt;abstract_short = &amp;quot;friendly summary of abstract&amp;quot;&lt;/code&gt; and &lt;code&gt;publication_short = &amp;quot;abbreviated publication details&amp;quot;&lt;/code&gt; to display a friendly summary of the abstract and abbreviate the publication details, respectively. Furthermore, there is the option to display a different image on the homepage to the publication detail page by setting &lt;code&gt;image_preview = &amp;quot;my-image.jpg&amp;quot;&lt;/code&gt;. This can be useful if you wish to scale down the image for the homepage or simply if you just wish to show a different image for the preview.&lt;/p&gt;

&lt;h2 id=&#34;post-an-article:50520eca797b64e52c81481b712cad22&#34;&gt;Post an article&lt;/h2&gt;

&lt;p&gt;To create a blog/news article:&lt;/p&gt;

&lt;pre&gt;&lt;code&gt;hugo new post/my-article-name.md
&lt;/code&gt;&lt;/pre&gt;

&lt;p&gt;Then edit the newly created file &lt;code&gt;content/post/my-article-name.md&lt;/code&gt; with your full title and content.&lt;/p&gt;

&lt;h2 id=&#34;create-a-project:50520eca797b64e52c81481b712cad22&#34;&gt;Create a project&lt;/h2&gt;

&lt;p&gt;To create a project:&lt;/p&gt;

&lt;pre&gt;&lt;code&gt;hugo new project/my-project-name.md
&lt;/code&gt;&lt;/pre&gt;

&lt;p&gt;Then edit the newly created file &lt;code&gt;content/project/my-project-name.md&lt;/code&gt;. Either you can link the project to an external project website by setting the &lt;code&gt;external_link = &amp;quot;http://external-project.com&amp;quot;&lt;/code&gt; variable at the top of the file, or you can add content (below the final &lt;code&gt;+++&lt;/code&gt;) in order to render a project page on your website.&lt;/p&gt;

&lt;h2 id=&#34;removing-content:50520eca797b64e52c81481b712cad22&#34;&gt;Removing content&lt;/h2&gt;

&lt;p&gt;Generally, to remove content, simply delete the relevant file from your &lt;code&gt;content/post&lt;/code&gt;, &lt;code&gt;content/publication&lt;/code&gt;, &lt;code&gt;content/project&lt;/code&gt;, or &lt;code&gt;content/home&lt;/code&gt; folder.&lt;/p&gt;

&lt;h2 id=&#34;view-your-updated-site:50520eca797b64e52c81481b712cad22&#34;&gt;View your updated site&lt;/h2&gt;

&lt;p&gt;After you have made changes to your site, you can view it by running the &lt;code&gt;hugo server --watch&lt;/code&gt; command and then opening &lt;a href=&#34;http://localhost:1313&#34;&gt;localhost:1313&lt;/a&gt; in your web browser.&lt;/p&gt;

&lt;h2 id=&#34;deploy-your-site:50520eca797b64e52c81481b712cad22&#34;&gt;Deploy your site&lt;/h2&gt;

&lt;p&gt;Finally, you can build the static website to a &lt;code&gt;public/&lt;/code&gt; folder ready for deployment using the &lt;code&gt;hugo&lt;/code&gt; command.&lt;/p&gt;

&lt;p&gt;You may then deploy your site by copying the &lt;code&gt;public/&lt;/code&gt; directory (by FTP, SFTP, WebDAV, Rsync, git push, etc.) to your production web server.&lt;/p&gt;

&lt;p&gt;Note that running &lt;code&gt;hugo&lt;/code&gt; does not remove any previously generated files before building. Therefore, it&amp;rsquo;s best practice to delete your &lt;code&gt;public/&lt;/code&gt; directory prior to running &lt;code&gt;hugo&lt;/code&gt; to ensure no old or interim files are deployed to your server.&lt;/p&gt;
</description>
    </item>
    
    <item>
      <title>Writing content with Markdown, LaTeX, and Shortcodes</title>
      <link>/post/writing-markdown-latex/</link>
      <pubDate>Wed, 20 Apr 2016 10:00:00 +0000</pubDate>
      
      <guid>/post/writing-markdown-latex/</guid>
      <description>

&lt;p&gt;Content can be written using &lt;a href=&#34;https://github.com/adam-p/markdown-here/wiki/Markdown-Cheatsheet&#34;&gt;Markdown&lt;/a&gt;, &lt;a href=&#34;https://en.wikibooks.org/wiki/LaTeX/Mathematics&#34;&gt;LaTeX math&lt;/a&gt;, and &lt;a href=&#34;http://gohugo.io/extras/shortcodes/&#34;&gt;Hugo Shortcodes&lt;/a&gt;. Additionally, HTML may be used for advanced formatting.&lt;/p&gt;

&lt;h2 id=&#34;sub-headings:0afd2be5f3811fd4e99a8623ad12ea79&#34;&gt;Sub-headings&lt;/h2&gt;

&lt;pre&gt;&lt;code&gt;## H2
### H3
#### H4
##### H5
###### H6
&lt;/code&gt;&lt;/pre&gt;

&lt;h2 id=&#34;emphasis:0afd2be5f3811fd4e99a8623ad12ea79&#34;&gt;Emphasis&lt;/h2&gt;

&lt;pre&gt;&lt;code&gt;Italics with *asterisks* or _underscores_.

Bold with **asterisks** or __underscores__.

Combined emphasis with **asterisks and _underscores_**.

Strikethrough with ~~two tildes~~.
&lt;/code&gt;&lt;/pre&gt;

&lt;h2 id=&#34;ordered-lists:0afd2be5f3811fd4e99a8623ad12ea79&#34;&gt;Ordered lists&lt;/h2&gt;

&lt;pre&gt;&lt;code&gt;1. First item
2. Another item
&lt;/code&gt;&lt;/pre&gt;

&lt;h2 id=&#34;unordered-lists:0afd2be5f3811fd4e99a8623ad12ea79&#34;&gt;Unordered lists&lt;/h2&gt;

&lt;pre&gt;&lt;code&gt;* First item
* Another item
&lt;/code&gt;&lt;/pre&gt;

&lt;h2 id=&#34;images:0afd2be5f3811fd4e99a8623ad12ea79&#34;&gt;Images&lt;/h2&gt;

&lt;p&gt;Images may be added to a page by placing them in your &lt;code&gt;static/img/&lt;/code&gt; folder and referencing them using one of the following two notations:&lt;/p&gt;

&lt;p&gt;A general image:&lt;/p&gt;

&lt;pre&gt;&lt;code&gt;![alternative text for search engines](/img/screenshot.png)
&lt;/code&gt;&lt;/pre&gt;

&lt;p&gt;A numbered figure with caption:&lt;/p&gt;

&lt;pre&gt;&lt;code&gt;{{&amp;lt; figure src=&amp;quot;/img/screenshot.png&amp;quot; title=&amp;quot;Figure Caption&amp;quot; &amp;gt;}}
&lt;/code&gt;&lt;/pre&gt;

&lt;h2 id=&#34;links:0afd2be5f3811fd4e99a8623ad12ea79&#34;&gt;Links&lt;/h2&gt;

&lt;pre&gt;&lt;code&gt;[I&#39;m a link](https://www.google.com)
[A post]({{&amp;lt; ref &amp;quot;post/hi.md&amp;quot; &amp;gt;}})
[A publication]({{&amp;lt; ref &amp;quot;publication/hi.md&amp;quot; &amp;gt;}})
[A project]({{&amp;lt; ref &amp;quot;project/hi.md&amp;quot; &amp;gt;}})
[Another section]({{&amp;lt; relref &amp;quot;hi.md#who&amp;quot; &amp;gt;}})
&lt;/code&gt;&lt;/pre&gt;

&lt;h2 id=&#34;blockquote:0afd2be5f3811fd4e99a8623ad12ea79&#34;&gt;Blockquote&lt;/h2&gt;

&lt;pre&gt;&lt;code&gt;&amp;gt; This is a blockquote.
&lt;/code&gt;&lt;/pre&gt;

&lt;blockquote&gt;
&lt;p&gt;This is a blockquote.&lt;/p&gt;
&lt;/blockquote&gt;

&lt;h2 id=&#34;code-highlighting:0afd2be5f3811fd4e99a8623ad12ea79&#34;&gt;Code highlighting&lt;/h2&gt;

&lt;p&gt;Pass the &lt;em&gt;language&lt;/em&gt; of the code, such as &lt;code&gt;python&lt;/code&gt;, as a parameter after three backticks:&lt;/p&gt;

&lt;pre&gt;&lt;code&gt;```python
# Example of code highlighting
input_string_var = input(&amp;quot;Enter some data: &amp;quot;)
print(&amp;quot;You entered: {}&amp;quot;.format(input_string_var))
```
&lt;/code&gt;&lt;/pre&gt;

&lt;p&gt;Result:&lt;/p&gt;

&lt;pre&gt;&lt;code class=&#34;language-python&#34;&gt;# Example of code highlighting
input_string_var = input(&amp;quot;Enter some data: &amp;quot;)
print(&amp;quot;You entered: {}&amp;quot;.format(input_string_var))
&lt;/code&gt;&lt;/pre&gt;

&lt;h2 id=&#34;twitter-tweet:0afd2be5f3811fd4e99a8623ad12ea79&#34;&gt;Twitter tweet&lt;/h2&gt;

&lt;p&gt;To include a single tweet, pass the tweet’s ID from the tweet&amp;rsquo;s URL as parameter to the shortcode:&lt;/p&gt;

&lt;pre&gt;&lt;code&gt;{{&amp;lt; tweet 666616452582129664 &amp;gt;}}
&lt;/code&gt;&lt;/pre&gt;

&lt;h2 id=&#34;youtube:0afd2be5f3811fd4e99a8623ad12ea79&#34;&gt;Youtube&lt;/h2&gt;

&lt;pre&gt;&lt;code&gt;{{&amp;lt; youtube w7Ft2ymGmfc &amp;gt;}}
&lt;/code&gt;&lt;/pre&gt;

&lt;h2 id=&#34;vimeo:0afd2be5f3811fd4e99a8623ad12ea79&#34;&gt;Vimeo&lt;/h2&gt;

&lt;pre&gt;&lt;code&gt;{{&amp;lt; vimeo 146022717 &amp;gt;}}
&lt;/code&gt;&lt;/pre&gt;

&lt;h2 id=&#34;github-gist:0afd2be5f3811fd4e99a8623ad12ea79&#34;&gt;GitHub gist&lt;/h2&gt;

&lt;pre&gt;&lt;code&gt;{{&amp;lt; gist USERNAME GIST-ID  &amp;gt;}}
&lt;/code&gt;&lt;/pre&gt;

&lt;h2 id=&#34;speaker-deck:0afd2be5f3811fd4e99a8623ad12ea79&#34;&gt;Speaker Deck&lt;/h2&gt;

&lt;pre&gt;&lt;code&gt;{{&amp;lt; speakerdeck 4e8126e72d853c0060001f97 &amp;gt;}}
&lt;/code&gt;&lt;/pre&gt;

&lt;h2 id=&#34;rm-latex-math:0afd2be5f3811fd4e99a8623ad12ea79&#34;&gt;$\rm \LaTeX$ math&lt;/h2&gt;

&lt;pre&gt;&lt;code class=&#34;language-TeX&#34;&gt;$$\left [ – \frac{\hbar^2}{2 m} \frac{\partial^2}{\partial x^2} + V \right ] \Psi = i \hbar \frac{\partial}{\partial t} \Psi$$
&lt;/code&gt;&lt;/pre&gt;

&lt;p&gt;$$\left [ – \frac{\hbar^2}{2 m} \frac{\partial^2}{\partial x^2} + V \right ] \Psi = i \hbar \frac{\partial}{\partial t} \Psi$$&lt;/p&gt;

&lt;p&gt;Alternatively, inline math can be written by wrapping the formula with only a single &lt;code&gt;$&lt;/code&gt;:&lt;/p&gt;

&lt;pre&gt;&lt;code&gt;This is inline: $\mathbf{y} = \mathbf{X}\boldsymbol\beta + \boldsymbol\varepsilon$
&lt;/code&gt;&lt;/pre&gt;

&lt;p&gt;This is inline: $\mathbf{y} = \mathbf{X}\boldsymbol\beta + \boldsymbol\varepsilon$&lt;/p&gt;

&lt;h2 id=&#34;table:0afd2be5f3811fd4e99a8623ad12ea79&#34;&gt;Table&lt;/h2&gt;

&lt;p&gt;Code:&lt;/p&gt;

&lt;pre&gt;&lt;code class=&#34;language-Markdown&#34;&gt;| Command           | Description                    |
| ------------------| ------------------------------ |
| `hugo`            | Build your website.            |
| `hugo serve -w`   | View your website.             |
&lt;/code&gt;&lt;/pre&gt;

&lt;p&gt;Result:&lt;/p&gt;

&lt;table&gt;
&lt;thead&gt;
&lt;tr&gt;
&lt;th&gt;Command&lt;/th&gt;
&lt;th&gt;Description&lt;/th&gt;
&lt;/tr&gt;
&lt;/thead&gt;

&lt;tbody&gt;
&lt;tr&gt;
&lt;td&gt;&lt;code&gt;hugo&lt;/code&gt;&lt;/td&gt;
&lt;td&gt;Build your website.&lt;/td&gt;
&lt;/tr&gt;

&lt;tr&gt;
&lt;td&gt;&lt;code&gt;hugo serve -w&lt;/code&gt;&lt;/td&gt;
&lt;td&gt;View your website.&lt;/td&gt;
&lt;/tr&gt;
&lt;/tbody&gt;
&lt;/table&gt;
</description>
    </item>
    
    <item>
      <title>Migrate to Hugo from Jekyll</title>
      <link>/post/migrate-from-jekyll/</link>
      <pubDate>Mon, 10 Mar 2014 00:00:00 +0000</pubDate>
      
      <guid>/post/migrate-from-jekyll/</guid>
      <description>

&lt;h2 id=&#34;move-static-content-to-static:964c172ef5e837f03573891408d8d631&#34;&gt;Move static content to &lt;code&gt;static&lt;/code&gt;&lt;/h2&gt;

&lt;p&gt;Jekyll has a rule that any directory not starting with &lt;code&gt;_&lt;/code&gt; will be copied as-is to the &lt;code&gt;_site&lt;/code&gt; output. Hugo keeps all static content under &lt;code&gt;static&lt;/code&gt;. You should therefore move it all there.
With Jekyll, something that looked like&lt;/p&gt;

&lt;pre&gt;&lt;code&gt;▾ &amp;lt;root&amp;gt;/
    ▾ images/
        logo.png
&lt;/code&gt;&lt;/pre&gt;

&lt;p&gt;should become&lt;/p&gt;

&lt;pre&gt;&lt;code&gt;▾ &amp;lt;root&amp;gt;/
    ▾ static/
        ▾ images/
            logo.png
&lt;/code&gt;&lt;/pre&gt;

&lt;p&gt;Additionally, you&amp;rsquo;ll want any files that should reside at the root (such as &lt;code&gt;CNAME&lt;/code&gt;) to be moved to &lt;code&gt;static&lt;/code&gt;.&lt;/p&gt;

&lt;h2 id=&#34;create-your-hugo-configuration-file:964c172ef5e837f03573891408d8d631&#34;&gt;Create your Hugo configuration file&lt;/h2&gt;

&lt;p&gt;Hugo can read your configuration as JSON, YAML or TOML. Hugo supports parameters custom configuration too. Refer to the &lt;a href=&#34;/overview/configuration/&#34;&gt;Hugo configuration documentation&lt;/a&gt; for details.&lt;/p&gt;

&lt;h2 id=&#34;set-your-configuration-publish-folder-to-site:964c172ef5e837f03573891408d8d631&#34;&gt;Set your configuration publish folder to &lt;code&gt;_site&lt;/code&gt;&lt;/h2&gt;

&lt;p&gt;The default is for Jekyll to publish to &lt;code&gt;_site&lt;/code&gt; and for Hugo to publish to &lt;code&gt;public&lt;/code&gt;. If, like me, you have &lt;a href=&#34;http://blog.blindgaenger.net/generate_github_pages_in_a_submodule.html&#34;&gt;&lt;code&gt;_site&lt;/code&gt; mapped to a git submodule on the &lt;code&gt;gh-pages&lt;/code&gt; branch&lt;/a&gt;, you&amp;rsquo;ll want to do one of two alternatives:&lt;/p&gt;

&lt;ol&gt;
&lt;li&gt;&lt;p&gt;Change your submodule to point to map &lt;code&gt;gh-pages&lt;/code&gt; to public instead of &lt;code&gt;_site&lt;/code&gt; (recommended).&lt;/p&gt;

&lt;pre&gt;&lt;code&gt;git submodule deinit _site
git rm _site
git submodule add -b gh-pages git@github.com:your-username/your-repo.git public
&lt;/code&gt;&lt;/pre&gt;&lt;/li&gt;

&lt;li&gt;&lt;p&gt;Or, change the Hugo configuration to use &lt;code&gt;_site&lt;/code&gt; instead of &lt;code&gt;public&lt;/code&gt;.&lt;/p&gt;

&lt;pre&gt;&lt;code&gt;{
    ..
    &amp;quot;publishdir&amp;quot;: &amp;quot;_site&amp;quot;,
    ..
}
&lt;/code&gt;&lt;/pre&gt;&lt;/li&gt;
&lt;/ol&gt;

&lt;h2 id=&#34;convert-jekyll-templates-to-hugo-templates:964c172ef5e837f03573891408d8d631&#34;&gt;Convert Jekyll templates to Hugo templates&lt;/h2&gt;

&lt;p&gt;That&amp;rsquo;s the bulk of the work right here. The documentation is your friend. You should refer to &lt;a href=&#34;http://jekyllrb.com/docs/templates/&#34;&gt;Jekyll&amp;rsquo;s template documentation&lt;/a&gt; if you need to refresh your memory on how you built your blog and &lt;a href=&#34;/layout/templates/&#34;&gt;Hugo&amp;rsquo;s template&lt;/a&gt; to learn Hugo&amp;rsquo;s way.&lt;/p&gt;

&lt;p&gt;As a single reference data point, converting my templates for &lt;a href=&#34;http://heyitsalex.net/&#34;&gt;heyitsalex.net&lt;/a&gt; took me no more than a few hours.&lt;/p&gt;

&lt;h2 id=&#34;convert-jekyll-plugins-to-hugo-shortcodes:964c172ef5e837f03573891408d8d631&#34;&gt;Convert Jekyll plugins to Hugo shortcodes&lt;/h2&gt;

&lt;p&gt;Jekyll has &lt;a href=&#34;http://jekyllrb.com/docs/plugins/&#34;&gt;plugins&lt;/a&gt;; Hugo has &lt;a href=&#34;/doc/shortcodes/&#34;&gt;shortcodes&lt;/a&gt;. It&amp;rsquo;s fairly trivial to do a port.&lt;/p&gt;

&lt;h3 id=&#34;implementation:964c172ef5e837f03573891408d8d631&#34;&gt;Implementation&lt;/h3&gt;

&lt;p&gt;As an example, I was using a custom &lt;a href=&#34;https://github.com/alexandre-normand/alexandre-normand/blob/74bb12036a71334fdb7dba84e073382fc06908ec/_plugins/image_tag.rb&#34;&gt;&lt;code&gt;image_tag&lt;/code&gt;&lt;/a&gt; plugin to generate figures with caption when running Jekyll. As I read about shortcodes, I found Hugo had a nice built-in shortcode that does exactly the same thing.&lt;/p&gt;

&lt;p&gt;Jekyll&amp;rsquo;s plugin:&lt;/p&gt;

&lt;pre&gt;&lt;code&gt;module Jekyll
  class ImageTag &amp;lt; Liquid::Tag
    @url = nil
    @caption = nil
    @class = nil
    @link = nil
    // Patterns
    IMAGE_URL_WITH_CLASS_AND_CAPTION =
    IMAGE_URL_WITH_CLASS_AND_CAPTION_AND_LINK = /(\w+)(\s+)((https?:\/\/|\/)(\S+))(\s+)&amp;quot;(.*?)&amp;quot;(\s+)-&amp;gt;((https?:\/\/|\/)(\S+))(\s*)/i
    IMAGE_URL_WITH_CAPTION = /((https?:\/\/|\/)(\S+))(\s+)&amp;quot;(.*?)&amp;quot;/i
    IMAGE_URL_WITH_CLASS = /(\w+)(\s+)((https?:\/\/|\/)(\S+))/i
    IMAGE_URL = /((https?:\/\/|\/)(\S+))/i
    def initialize(tag_name, markup, tokens)
      super
      if markup =~ IMAGE_URL_WITH_CLASS_AND_CAPTION_AND_LINK
        @class   = $1
        @url     = $3
        @caption = $7
        @link = $9
      elsif markup =~ IMAGE_URL_WITH_CLASS_AND_CAPTION
        @class   = $1
        @url     = $3
        @caption = $7
      elsif markup =~ IMAGE_URL_WITH_CAPTION
        @url     = $1
        @caption = $5
      elsif markup =~ IMAGE_URL_WITH_CLASS
        @class = $1
        @url   = $3
      elsif markup =~ IMAGE_URL
        @url = $1
      end
    end
    def render(context)
      if @class
        source = &amp;quot;&amp;lt;figure class=&#39;#{@class}&#39;&amp;gt;&amp;quot;
      else
        source = &amp;quot;&amp;lt;figure&amp;gt;&amp;quot;
      end
      if @link
        source += &amp;quot;&amp;lt;a href=\&amp;quot;#{@link}\&amp;quot;&amp;gt;&amp;quot;
      end
      source += &amp;quot;&amp;lt;img src=\&amp;quot;#{@url}\&amp;quot;&amp;gt;&amp;quot;
      if @link
        source += &amp;quot;&amp;lt;/a&amp;gt;&amp;quot;
      end
      source += &amp;quot;&amp;lt;figcaption&amp;gt;#{@caption}&amp;lt;/figcaption&amp;gt;&amp;quot; if @caption
      source += &amp;quot;&amp;lt;/figure&amp;gt;&amp;quot;
      source
    end
  end
end
Liquid::Template.register_tag(&#39;image&#39;, Jekyll::ImageTag)
&lt;/code&gt;&lt;/pre&gt;

&lt;p&gt;is written as this Hugo shortcode:&lt;/p&gt;

&lt;pre&gt;&lt;code&gt;&amp;lt;!-- image --&amp;gt;
&amp;lt;figure {{ with .Get &amp;quot;class&amp;quot; }}class=&amp;quot;{{.}}&amp;quot;{{ end }}&amp;gt;
    {{ with .Get &amp;quot;link&amp;quot;}}&amp;lt;a href=&amp;quot;{{.}}&amp;quot;&amp;gt;{{ end }}
        &amp;lt;img src=&amp;quot;{{ .Get &amp;quot;src&amp;quot; }}&amp;quot; {{ if or (.Get &amp;quot;alt&amp;quot;) (.Get &amp;quot;caption&amp;quot;) }}alt=&amp;quot;{{ with .Get &amp;quot;alt&amp;quot;}}{{.}}{{else}}{{ .Get &amp;quot;caption&amp;quot; }}{{ end }}&amp;quot;{{ end }} /&amp;gt;
    {{ if .Get &amp;quot;link&amp;quot;}}&amp;lt;/a&amp;gt;{{ end }}
    {{ if or (or (.Get &amp;quot;title&amp;quot;) (.Get &amp;quot;caption&amp;quot;)) (.Get &amp;quot;attr&amp;quot;)}}
    &amp;lt;figcaption&amp;gt;{{ if isset .Params &amp;quot;title&amp;quot; }}
        {{ .Get &amp;quot;title&amp;quot; }}{{ end }}
        {{ if or (.Get &amp;quot;caption&amp;quot;) (.Get &amp;quot;attr&amp;quot;)}}&amp;lt;p&amp;gt;
        {{ .Get &amp;quot;caption&amp;quot; }}
        {{ with .Get &amp;quot;attrlink&amp;quot;}}&amp;lt;a href=&amp;quot;{{.}}&amp;quot;&amp;gt; {{ end }}
            {{ .Get &amp;quot;attr&amp;quot; }}
        {{ if .Get &amp;quot;attrlink&amp;quot;}}&amp;lt;/a&amp;gt; {{ end }}
        &amp;lt;/p&amp;gt; {{ end }}
    &amp;lt;/figcaption&amp;gt;
    {{ end }}
&amp;lt;/figure&amp;gt;
&amp;lt;!-- image --&amp;gt;
&lt;/code&gt;&lt;/pre&gt;

&lt;h3 id=&#34;usage:964c172ef5e837f03573891408d8d631&#34;&gt;Usage&lt;/h3&gt;

&lt;p&gt;I simply changed:&lt;/p&gt;

&lt;pre&gt;&lt;code&gt;{% image full http://farm5.staticflickr.com/4136/4829260124_57712e570a_o_d.jpg &amp;quot;One of my favorite touristy-type photos. I secretly waited for the good light while we were &amp;quot;having fun&amp;quot; and took this. Only regret: a stupid pole in the top-left corner of the frame I had to clumsily get rid of at post-processing.&amp;quot; -&amp;gt;http://www.flickr.com/photos/alexnormand/4829260124/in/set-72157624547713078/ %}
&lt;/code&gt;&lt;/pre&gt;

&lt;p&gt;to this (this example uses a slightly extended version named &lt;code&gt;fig&lt;/code&gt;, different than the built-in &lt;code&gt;figure&lt;/code&gt;):&lt;/p&gt;

&lt;pre&gt;&lt;code&gt;{{% fig class=&amp;quot;full&amp;quot; src=&amp;quot;http://farm5.staticflickr.com/4136/4829260124_57712e570a_o_d.jpg&amp;quot; title=&amp;quot;One of my favorite touristy-type photos. I secretly waited for the good light while we were having fun and took this. Only regret: a stupid pole in the top-left corner of the frame I had to clumsily get rid of at post-processing.&amp;quot; link=&amp;quot;http://www.flickr.com/photos/alexnormand/4829260124/in/set-72157624547713078/&amp;quot; %}}
&lt;/code&gt;&lt;/pre&gt;

&lt;p&gt;As a bonus, the shortcode named parameters are, arguably, more readable.&lt;/p&gt;

&lt;h2 id=&#34;finishing-touches:964c172ef5e837f03573891408d8d631&#34;&gt;Finishing touches&lt;/h2&gt;

&lt;h3 id=&#34;fix-content:964c172ef5e837f03573891408d8d631&#34;&gt;Fix content&lt;/h3&gt;

&lt;p&gt;Depending on the amount of customization that was done with each post with Jekyll, this step will require more or less effort. There are no hard and fast rules here except that &lt;code&gt;hugo server --watch&lt;/code&gt; is your friend. Test your changes and fix errors as needed.&lt;/p&gt;

&lt;h3 id=&#34;clean-up:964c172ef5e837f03573891408d8d631&#34;&gt;Clean up&lt;/h3&gt;

&lt;p&gt;You&amp;rsquo;ll want to remove the Jekyll configuration at this point. If you have anything else that isn&amp;rsquo;t used, delete it.&lt;/p&gt;

&lt;h2 id=&#34;a-practical-example-in-a-diff:964c172ef5e837f03573891408d8d631&#34;&gt;A practical example in a diff&lt;/h2&gt;

&lt;p&gt;&lt;a href=&#34;http://heyitsalex.net/&#34;&gt;Hey, it&amp;rsquo;s Alex&lt;/a&gt; was migrated in less than a &lt;em&gt;father-with-kids day&lt;/em&gt; from Jekyll to Hugo. You can see all the changes (and screw-ups) by looking at this &lt;a href=&#34;https://github.com/alexandre-normand/alexandre-normand/compare/869d69435bd2665c3fbf5b5c78d4c22759d7613a...b7f6605b1265e83b4b81495423294208cc74d610&#34;&gt;diff&lt;/a&gt;.&lt;/p&gt;
</description>
    </item>
    
  </channel>
</rss>