<?xml version="1.0" encoding="utf-8" standalone="yes" ?>
<rss version="2.0" xmlns:atom="http://www.w3.org/2005/Atom">
  <channel>
    <title>Hugo González Labrador</title>
    <link>http://hugo.labkode.com/</link>
    <description>Recent content on Hugo González Labrador</description>
    <generator>Hugo -- gohugo.io</generator>
    <language>en-us</language>
    <copyright>&amp;copy; 2016 Hugo González Labrador</copyright>
    <lastBuildDate>Wed, 15 Jun 2016 00:00:00 +0000</lastBuildDate>
    <atom:link href="http://hugo.labkode.com/index.xml" rel="self" type="application/rss+xml" />
    
    <item>
      <title>CERNBox: Petabyte-Scale Cloud Synchronisation and Sharing Platform</title>
      <link>http://hugo.labkode.com/publication/cernbox-petabyte-scale/</link>
      <pubDate>Wed, 15 Jun 2016 00:00:00 +0000</pubDate>
      
      <guid>http://hugo.labkode.com/publication/cernbox-petabyte-scale/</guid>
      <description></description>
    </item>
    
    <item>
      <title>Testing data and metadata backends with ClawIO</title>
      <link>http://hugo.labkode.com/talk/testing_data_and_metadata_backends/</link>
      <pubDate>Mon, 18 Jan 2016 00:00:00 +0000</pubDate>
      
      <guid>http://hugo.labkode.com/talk/testing_data_and_metadata_backends/</guid>
      <description></description>
    </item>
    
    <item>
      <title>CERNBox &#43; EOS: end-user storage for science</title>
      <link>http://hugo.labkode.com/publication/cernbox-plus-eos/</link>
      <pubDate>Wed, 23 Dec 2015 00:00:00 +0000</pubDate>
      
      <guid>http://hugo.labkode.com/publication/cernbox-plus-eos/</guid>
      <description></description>
    </item>
    
    <item>
      <title>Disk storage at CERN</title>
      <link>http://hugo.labkode.com/publication/disk-storage-cern/</link>
      <pubDate>Wed, 23 Dec 2015 00:00:00 +0000</pubDate>
      
      <guid>http://hugo.labkode.com/publication/disk-storage-cern/</guid>
      <description></description>
    </item>
    
    <item>
      <title>ClawIO</title>
      <link>http://hugo.labkode.com/project/clawio/</link>
      <pubDate>Mon, 21 Sep 2015 00:00:00 +0000</pubDate>
      
      <guid>http://hugo.labkode.com/project/clawio/</guid>
      <description>

&lt;p&gt;ClawIO is a Cloud [Sync] Storage Gateway solution that provides excellent performance, reliability and scalability.&lt;/p&gt;

&lt;ul&gt;
&lt;li&gt;&lt;p&gt;&lt;strong&gt;Cloud&lt;/strong&gt;: ClawIO core is a dependency-free autonomous server like Nginx or Apache that exposes a set of APIs that clients can consume
in a client-server architecture.&lt;/p&gt;&lt;/li&gt;

&lt;li&gt;&lt;p&gt;&lt;strong&gt;[Sync]&lt;/strong&gt;: ClawIO allows you to synchronize your data with existing synchronization software (currently only ownCloud is supported).
Sync is in [brackets] because Synchronisation is optional and can be disabled and enabled as you wish.&lt;/p&gt;&lt;/li&gt;

&lt;li&gt;&lt;p&gt;&lt;strong&gt;Storage&lt;/strong&gt;: ClawIO interacts with existing storage solutions from local filesystems to object storages.&lt;/p&gt;&lt;/li&gt;

&lt;li&gt;&lt;p&gt;&lt;strong&gt;Gateway&lt;/strong&gt;: ClawIO acts as a gateway to existing storage solutions providing a simple and effective HTTP API.&lt;/p&gt;&lt;/li&gt;
&lt;/ul&gt;

&lt;p&gt;The project consists of several components:&lt;/p&gt;

&lt;ul&gt;
&lt;li&gt;&lt;a href=&#34;https://github.com/clawio/clawiod/releases/&#34;&gt;ClawIO Server Daemon (clawiod)&lt;/a&gt;&lt;/li&gt;
&lt;li&gt;&lt;a href=&#34;https://github.com/clawio/webui/releases/&#34;&gt;ClawIO Web User Interface (webui)&lt;/a&gt;&lt;/li&gt;
&lt;li&gt;&lt;a href=&#34;https://github.com/clawio/clawioctl/releases/&#34;&gt;ClawIO Terminal Controller (clawioctl)&lt;/a&gt;&lt;/li&gt;
&lt;/ul&gt;

&lt;h2 id=&#34;license:544d02f93bd32bbfd3bd811433b3ecd2&#34;&gt;LICENSE&lt;/h2&gt;

&lt;p&gt;ClawIO components are publicly available under &lt;a href=&#34;https://www.gnu.org/licenses/agpl-3.0.en.html&#34;&gt;AGPLv3&lt;/a&gt;.&lt;/p&gt;

&lt;h2 id=&#34;documentation:544d02f93bd32bbfd3bd811433b3ecd2&#34;&gt;Documentation&lt;/h2&gt;

&lt;p&gt;The official documentation of the project can be obtained at &lt;a href=&#34;https://clawio.gitbooks.io/clawio-manual/content/&#34;&gt;https://clawio.gitbooks.io/clawio-manual/content/&lt;/a&gt;&lt;/p&gt;
</description>
    </item>
    
    <item>
      <title>From oc_filecache to an scalable and flexible OwnCloud namespace</title>
      <link>http://hugo.labkode.com/talk/from_oc_filecache/</link>
      <pubDate>Mon, 31 Aug 2015 00:00:00 +0000</pubDate>
      
      <guid>http://hugo.labkode.com/talk/from_oc_filecache/</guid>
      <description></description>
    </item>
    
    <item>
      <title>CERNBox</title>
      <link>http://hugo.labkode.com/project/cernbox/</link>
      <pubDate>Fri, 21 Aug 2015 00:00:00 +0000</pubDate>
      
      <guid>http://hugo.labkode.com/project/cernbox/</guid>
      <description>

&lt;p&gt;CERNBox is the biggest project I have being involved in. I joined this project when I was a Technical Student at CERN.
My bachelor thesis is about CERNBox and can be checked at &lt;a href=&#34;https://zenodo.org/record/58838#.V5iNnhV95sO&#34;&gt;https://zenodo.org/record/58838#.V5iNnhV95sO&lt;/a&gt;&lt;/p&gt;

&lt;p&gt;The official description of the project is the following:&lt;/p&gt;

&lt;p&gt;&lt;em&gt;CERNBox provides synchronisation capabilities between a user machine
(desktop PC, smart phone or tablet) and a central repository,
managed by CERN IT department.&lt;/em&gt;&lt;/p&gt;

&lt;p&gt;&lt;em&gt;Currently it provides a functionality analogous to DropboxTM or similar system.
The data are stored on EOS, the disk-storage provided by the IT department for
LHC computing. This allows users to access data via lxplus/lxbatch and, via
synchronisation, from their mobile devices. The sync and web access layers are
based on OwnCloud (&lt;a href=&#34;http://owncloud.com&#34;&gt;http://owncloud.com&lt;/a&gt; (link is external)).&lt;/em&gt;&lt;/p&gt;

&lt;h2 id=&#34;technologies-involved:b3828869e737d507af35796f0b873aa7&#34;&gt;Technologies involved&lt;/h2&gt;

&lt;ul&gt;
&lt;li&gt;ownCloud&lt;/li&gt;
&lt;li&gt;JavaScript&lt;/li&gt;
&lt;li&gt;HTML5&lt;/li&gt;
&lt;li&gt;CSS3&lt;/li&gt;
&lt;li&gt;PHP&lt;/li&gt;
&lt;li&gt;MySQL&lt;/li&gt;
&lt;li&gt;Apache&lt;/li&gt;
&lt;li&gt;NGINX&lt;/li&gt;
&lt;li&gt;LDAP&lt;/li&gt;
&lt;li&gt;EOS (CERN disk store for LHC)&lt;/li&gt;
&lt;/ul&gt;
</description>
    </item>
    
    <item>
      <title>CERNBox: To Share or Not To Share</title>
      <link>http://hugo.labkode.com/talk/cernbox-to-share-or-not-to-share/</link>
      <pubDate>Tue, 14 Jul 2015 00:00:00 +0000</pubDate>
      
      <guid>http://hugo.labkode.com/talk/cernbox-to-share-or-not-to-share/</guid>
      <description></description>
    </item>
    
    <item>
      <title>What is CERNBox?</title>
      <link>http://hugo.labkode.com/talk/cernbox-ittf/</link>
      <pubDate>Fri, 12 Jun 2015 00:00:00 +0000</pubDate>
      
      <guid>http://hugo.labkode.com/talk/cernbox-ittf/</guid>
      <description></description>
    </item>
    
    <item>
      <title>LIA2 CMS</title>
      <link>http://hugo.labkode.com/project/lia2cms/</link>
      <pubDate>Fri, 21 Nov 2014 00:00:00 +0000</pubDate>
      
      <guid>http://hugo.labkode.com/project/lia2cms/</guid>
      <description>

&lt;p&gt;LIA2 CMS is my first project as a web developer.  The LIA2 research group at the University of Vigo gave me the opportunity to work during the summer of 2014. The goal of this project was to create a custom CMS system to increase the productivity when handling all the aspects of a research group.&lt;/p&gt;

&lt;h2 id=&#34;before:adaa33669cdee97fbc6b34506103429c&#34;&gt;Before&lt;/h2&gt;

&lt;p&gt;The previous system was built using static HTML pages that were being updated manually when a new publication appeared or a new financed project was granted. This lead to a lot of manual work from the head of the research group. Also, the different entities managed in the static site like persons, publications and resources were not linked.&lt;/p&gt;

&lt;h2 id=&#34;after:adaa33669cdee97fbc6b34506103429c&#34;&gt;After&lt;/h2&gt;

&lt;p&gt;I modeled the reality of the group in ER Model with more than forty tables so every entity was linked to others. In this way, people could be assigned to projects, be an author of a publication or collaborate on research projects.
Furthermore, the system can handle the upload of different types of documents and also assign categories to such resources.&lt;/p&gt;

&lt;h2 id=&#34;technologies-involved:adaa33669cdee97fbc6b34506103429c&#34;&gt;Technologies involved&lt;/h2&gt;

&lt;ul&gt;
&lt;li&gt;PHP&lt;/li&gt;
&lt;li&gt;Javascript&lt;/li&gt;
&lt;li&gt;JQuery&lt;/li&gt;
&lt;li&gt;HTML5&lt;/li&gt;
&lt;li&gt;CSS3&lt;/li&gt;
&lt;li&gt;MySQL&lt;/li&gt;
&lt;li&gt;Apache&lt;/li&gt;
&lt;/ul&gt;
</description>
    </item>
    
    <item>
      <title>CERNBox: Site Report</title>
      <link>http://hugo.labkode.com/talk/cernbox-site-report/</link>
      <pubDate>Tue, 18 Nov 2014 00:00:00 +0000</pubDate>
      
      <guid>http://hugo.labkode.com/talk/cernbox-site-report/</guid>
      <description></description>
    </item>
    
    <item>
      <title>about</title>
      <link>http://hugo.labkode.com/home/about/</link>
      <pubDate>Mon, 01 Jan 0001 00:00:00 +0000</pubDate>
      
      <guid>http://hugo.labkode.com/home/about/</guid>
      <description>

&lt;h1 id=&#34;biography:6083a88ee3411b0d17ce02d738f69d47&#34;&gt;Biography&lt;/h1&gt;

&lt;p&gt;Hugo González Labrador is a student in the MEng of Computer Engineering at the University of Vigo in Spain.
His work at CERN inside the IT Storage group involved the design and development of the
CERNBox project, a petabyte-scale cloud synchronisation and sharing platform.
He presented his work in various international conferences and collaborated on different scientific publications.
He has worked for the University of Vigo in two research projects - ClawIO (a cloud synchronisation benchmarking framework)
and PentaS (a coordinated space engineering project under HumSAT 2.0).
He will join CERN again to continue the development of the CERNBox project.&lt;/p&gt;
</description>
    </item>
    
    <item>
      <title>teaching</title>
      <link>http://hugo.labkode.com/home/teaching/</link>
      <pubDate>Wed, 20 Apr 2016 00:00:00 +0000</pubDate>
      
      <guid>http://hugo.labkode.com/home/teaching/</guid>
      <description>&lt;p&gt;I have given the following dojos at the University of Vigo:&lt;/p&gt;

&lt;ul&gt;
&lt;li&gt;Docker: Container virtualisation&lt;/li&gt;
&lt;li&gt;Do you want to be a Gopher? Google&amp;rsquo;s Go programming language&lt;/li&gt;
&lt;/ul&gt;
</description>
    </item>
    
  </channel>
</rss>