<?xml version="1.0" encoding="utf-8" standalone="yes" ?>
<rss version="2.0" xmlns:atom="http://www.w3.org/2005/Atom">
  <channel>
    <title>Hugo on </title>
    <link>/tags/hugo/</link>
    <description>Recent content in Hugo on </description>
    <generator>Hugo -- gohugo.io</generator>
    <lastBuildDate>Wed, 20 Apr 2016 12:00:00 +0000</lastBuildDate>
    <atom:link href="/tags/hugo/index.xml" rel="self" type="application/rss+xml" />
    
    <item>
      <title>Getting started with the Academic theme for Hugo</title>
      <link>/post/getting-started/</link>
      <pubDate>Wed, 20 Apr 2016 12:00:00 +0000</pubDate>
      
      <guid>/post/getting-started/</guid>
      <description>

&lt;p&gt;The Academic theme enables you to easily create a personal academic website using the &lt;a href=&#34;https://gohugo.io&#34;&gt;Hugo&lt;/a&gt; static site generator.&lt;/p&gt;

&lt;p&gt;Key features:&lt;/p&gt;

&lt;ul&gt;
&lt;li&gt;Designed for academic staff, students, or general personal use&lt;/li&gt;
&lt;li&gt;Includes Biography, Publications, Projects, News/Blog, Teaching, and Contact sections&lt;/li&gt;
&lt;li&gt;Write in &lt;a href=&#34;https://github.com/adam-p/markdown-here/wiki/Markdown-Cheatsheet&#34;&gt;Markdown&lt;/a&gt; for easy formatting and code highlighting, with &lt;a href=&#34;https://en.wikibooks.org/wiki/LaTeX/Mathematics&#34;&gt;LaTeX&lt;/a&gt; for mathematical expressions&lt;/li&gt;
&lt;li&gt;Academic linking (Scholar etc.), Google Analytics, and Disqus comments&lt;/li&gt;
&lt;li&gt;Responsive and mobile friendly&lt;/li&gt;
&lt;li&gt;Simple and refreshing one page design&lt;/li&gt;
&lt;li&gt;Easy to customize&lt;/li&gt;
&lt;/ul&gt;

&lt;h2 id=&#34;installation:b6885e1f85551f51a4707c402f8200a3&#34;&gt;Installation&lt;/h2&gt;

&lt;ol&gt;
&lt;li&gt;&lt;p&gt;Install &lt;a href=&#34;https://gohugo.io/overview/installing/&#34;&gt;Hugo&lt;/a&gt; and create a new website:&lt;/p&gt;

&lt;pre&gt;&lt;code&gt;hugo new site my_website
cd my_website
&lt;/code&gt;&lt;/pre&gt;&lt;/li&gt;

&lt;li&gt;&lt;p&gt;Install Academic theme with &lt;a href=&#34;https://help.github.com/articles/set-up-git/&#34;&gt;git&lt;/a&gt;:&lt;/p&gt;

&lt;pre&gt;&lt;code&gt;git clone https://github.com/gcushen/hugo-academic.git themes/academic
&lt;/code&gt;&lt;/pre&gt;

&lt;p&gt;Or alternatively, &lt;a href=&#34;https://github.com/gcushen/hugo-academic/archive/master.zip&#34;&gt;download Academic&lt;/a&gt; and extract it into a &lt;code&gt;themes/academic&lt;/code&gt; folder within your Hugo website.&lt;/p&gt;&lt;/li&gt;

&lt;li&gt;&lt;p&gt;If you are creating a new website, copy the contents of the &lt;code&gt;exampleSite&lt;/code&gt; folder to your website root folder, overwriting existing files if necessary. The &lt;code&gt;exampleSite&lt;/code&gt; folder contains an example config file and content to help you get started.&lt;/p&gt;

&lt;pre&gt;&lt;code&gt;cp -av themes/academic/exampleSite/* .
&lt;/code&gt;&lt;/pre&gt;&lt;/li&gt;

&lt;li&gt;&lt;p&gt;Start the Hugo server from your website root folder:&lt;/p&gt;

&lt;pre&gt;&lt;code&gt;hugo server --watch
&lt;/code&gt;&lt;/pre&gt;

&lt;p&gt;Now you can go to &lt;a href=&#34;http://localhost:1313&#34;&gt;localhost:1313&lt;/a&gt; and your new Academic themed website should appear.&lt;/p&gt;&lt;/li&gt;

&lt;li&gt;&lt;p&gt;Customize your website (see next section), build it by running &lt;code&gt;hugo&lt;/code&gt;, and deploy it by copying the &lt;code&gt;public/&lt;/code&gt; directory (by FTP, Rsync, git push, etc.) to your production web server.&lt;/p&gt;&lt;/li&gt;
&lt;/ol&gt;

&lt;h2 id=&#34;getting-started:b6885e1f85551f51a4707c402f8200a3&#34;&gt;Getting Started&lt;/h2&gt;

&lt;p&gt;Assuming you created a new website with the example content following the installation steps above, this section explores just a few more steps in order to customize it.&lt;/p&gt;

&lt;p&gt;The core parameters for the website can be edited in the &lt;code&gt;config.toml&lt;/code&gt; configuration file.&lt;/p&gt;

&lt;p&gt;As can be seen in the example &lt;code&gt;config.toml&lt;/code&gt;, the social/academic networking icons and education qualifications are defined as multiples of &lt;code&gt;[[params.social]]&lt;/code&gt; and &lt;code&gt;[[params.about.education]]&lt;/code&gt; respectively. They can be duplicated or deleted as necessary.&lt;/p&gt;

&lt;p&gt;By default, publications will be displayed in a simple list. If you prefer a more detailed list with abstract and image, you can enable the detailed publication list on the homepage by setting &lt;code&gt;detailed_list = true&lt;/code&gt; under &lt;code&gt;[params.publications]&lt;/code&gt;.&lt;/p&gt;

&lt;p&gt;For deployment, the &lt;code&gt;baseURL&lt;/code&gt; variable should be changed to match your website URL such as &lt;code&gt;baseURL = &amp;quot;http://your-site.org/&amp;quot;&lt;/code&gt;. The example Disqus commenting variable should be cleared (e.g. &lt;code&gt;disqusShortname = &amp;quot;&amp;quot;&lt;/code&gt;) or set to your own Disqus shortname to enable commenting. To enable Google Analytics, add your tracking code in &lt;code&gt;config.toml&lt;/code&gt; similarly to &lt;code&gt;googleAnalytics = &amp;quot;UA-12345678-9&amp;quot;&lt;/code&gt;.&lt;/p&gt;

&lt;p&gt;Next, you may be interested to read the guide about &lt;a href=&#34;/post/managing-content/&#34;&gt;managing content&lt;/a&gt;, or continue reading below for advanced customization tips and instructions for keeping the theme up-to-date with any improvements that become available.&lt;/p&gt;

&lt;h2 id=&#34;advanced-customization:b6885e1f85551f51a4707c402f8200a3&#34;&gt;Advanced customization&lt;/h2&gt;

&lt;p&gt;It is possible to carry out many customizations without touching any files in &lt;code&gt;themes/academic&lt;/code&gt;, making it easier to upgrade the theme in the future.&lt;/p&gt;

&lt;h3 id=&#34;custom-theme-color-css-or-javascript-js:b6885e1f85551f51a4707c402f8200a3&#34;&gt;Custom theme color (CSS) or JavaScript (JS)&lt;/h3&gt;

&lt;p&gt;You can link custom CSS and JS assets (relative to your root &lt;code&gt;static/css&lt;/code&gt; and &lt;code&gt;static/js&lt;/code&gt; respectively) from your &lt;code&gt;config.toml&lt;/code&gt; using &lt;code&gt;custom_css = [&amp;quot;custom.css&amp;quot;]&lt;/code&gt; or &lt;code&gt;custom_js  = [&amp;quot;custom.js&amp;quot;]&lt;/code&gt;.&lt;/p&gt;

&lt;p&gt;For example, lets make a green theme. First, define &lt;code&gt;custom_css = [&amp;quot;green.css&amp;quot;]&lt;/code&gt; in &lt;code&gt;config.toml&lt;/code&gt;. Then we can download the example &lt;a href=&#34;https://gist.github.com/gcushen/d5525a4506b9ccf83f2bce592a895495&#34;&gt;green theme&lt;/a&gt; and save it as &lt;code&gt;static/css/green.css&lt;/code&gt;, relative to your website root (i.e. &lt;strong&gt;not&lt;/strong&gt; in the &lt;code&gt;themes&lt;/code&gt; directory).&lt;/p&gt;

&lt;h3 id=&#34;permalinks:b6885e1f85551f51a4707c402f8200a3&#34;&gt;Permalinks&lt;/h3&gt;

&lt;p&gt;&lt;em&gt;Permalinks&lt;/em&gt;, or &lt;em&gt;permanent links&lt;/em&gt;, are URLs to individual pages and posts on your website. They are permanent web addresses which can be used to link to your content. Using Hugo&amp;rsquo;s &lt;em&gt;permalinks&lt;/em&gt; option these can be easily customized. For example, the blog post URL can be changed to the form &lt;em&gt;yourURL/2016/05/01/my-post-slug&lt;/em&gt; by adding the following near the top of your &lt;code&gt;config.toml&lt;/code&gt; (before &lt;code&gt;[params]&lt;/code&gt; settings):&lt;/p&gt;

&lt;pre&gt;&lt;code&gt;[permalinks]
    post = &amp;quot;/:year/:month/:day/:slug&amp;quot;
&lt;/code&gt;&lt;/pre&gt;

&lt;p&gt;Where &lt;code&gt;:slug&lt;/code&gt; defaults to the filename of the post, excluding the file extension. However, slug may be overridden on a per post basis if desired, simply by setting &lt;code&gt;slug = &amp;quot;my-short-post-title&amp;quot;&lt;/code&gt; in your post preamble.&lt;/p&gt;

&lt;h2 id=&#34;upgrading:b6885e1f85551f51a4707c402f8200a3&#34;&gt;Upgrading&lt;/h2&gt;

&lt;p&gt;Feel free to &lt;em&gt;star&lt;/em&gt; the project on &lt;a href=&#34;https://github.com/gcushen/hugo-academic/&#34;&gt;Github&lt;/a&gt; and monitor the commits for updates.&lt;/p&gt;

&lt;p&gt;Before upgrading the theme, it is recommended to make a backup of your entire website directory, or at least your &lt;code&gt;themes/academic&lt;/code&gt; directory. You can also read about the &lt;a href=&#34;https://github.com/gcushen/hugo-academic/releases&#34;&gt;most recent milestones&lt;/a&gt; (but this doesn&amp;rsquo;t necessarily reflect the latest &lt;em&gt;master&lt;/em&gt; release).&lt;/p&gt;

&lt;p&gt;Before upgrading for the first time, the remote &lt;em&gt;origin&lt;/em&gt; repository should be renamed to &lt;em&gt;upstream&lt;/em&gt;:&lt;/p&gt;

&lt;pre&gt;&lt;code&gt;$ cd themes/academic
$ git remote rename origin upstream
&lt;/code&gt;&lt;/pre&gt;

&lt;p&gt;To list available updates:&lt;/p&gt;

&lt;pre&gt;&lt;code&gt;$ cd themes/academic
$ git fetch upstream
$ git log --pretty=oneline --abbrev-commit --decorate HEAD..upstream/master
&lt;/code&gt;&lt;/pre&gt;

&lt;p&gt;Upgrade by running:&lt;/p&gt;

&lt;pre&gt;&lt;code&gt;$ cd themes/academic
$ git pull upstream
&lt;/code&gt;&lt;/pre&gt;

&lt;p&gt;If you have modified files in &lt;code&gt;themes/academic&lt;/code&gt;, git will attempt to auto-merge changes. If conflicts are reported, you will need to manually edit the files with conflicts and add them back (&lt;code&gt;git add &amp;lt;filename&amp;gt;&lt;/code&gt;).&lt;/p&gt;

&lt;p&gt;If there are any issues after upgrading, you may wish to compare your site with the latest &lt;a href=&#34;https://github.com/gcushen/hugo-academic/tree/master/exampleSite&#34;&gt;example site&lt;/a&gt; to check if any settings changed.&lt;/p&gt;

&lt;h2 id=&#34;contributing:b6885e1f85551f51a4707c402f8200a3&#34;&gt;Contributing&lt;/h2&gt;

&lt;p&gt;Please use the &lt;a href=&#34;https://github.com/gcushen/hugo-academic/issues&#34;&gt;issue tracker&lt;/a&gt; to let me know about any bugs or feature requests, or alternatively make a pull request.&lt;/p&gt;

&lt;h2 id=&#34;license:b6885e1f85551f51a4707c402f8200a3&#34;&gt;License&lt;/h2&gt;

&lt;p&gt;Copyright 2016 &lt;a href=&#34;https://georgecushen.com&#34;&gt;George Cushen&lt;/a&gt;.&lt;/p&gt;

&lt;p&gt;Released under the &lt;a href=&#34;https://github.com/gcushen/hugo-academic/blob/master/LICENSE.md&#34;&gt;MIT&lt;/a&gt; license.&lt;/p&gt;
</description>
    </item>
    
    <item>
      <title>Managing content</title>
      <link>/post/managing-content/</link>
      <pubDate>Wed, 20 Apr 2016 11:00:00 +0000</pubDate>
      
      <guid>/post/managing-content/</guid>
      <description>

&lt;p&gt;This is a brief guide to managing content with the Academic theme. Content can include homepage sections, publications, projects, and news/blog articles. After you have read this guide about creating and managing content, you may also be interested to learn about &lt;a href=&#34;/post/writing-markdown-latex/&#34;&gt;writing content with Markdown, LaTeX, and Shortcodes&lt;/a&gt;.&lt;/p&gt;

&lt;p&gt;To enable LaTeX math rendering for a page, you should include &lt;code&gt;math = true&lt;/code&gt; in the page&amp;rsquo;s &lt;code&gt;+++&lt;/code&gt; preamble, as demonstrated in the included example site. Otherwise, to enable math on the homepage or for all pages, you must globally set &lt;code&gt;math = true&lt;/code&gt; in &lt;code&gt;config.toml&lt;/code&gt;.&lt;/p&gt;

&lt;p&gt;To display an image in publication, post, or project page headers, you can include the &lt;code&gt;image = &amp;quot;my-image.jpg&amp;quot;&lt;/code&gt; option in the page &lt;code&gt;+++&lt;/code&gt; preamble. It is automatically assumed that the image is located in your &lt;code&gt;static/img/&lt;/code&gt; folder. In the context of posts and projects, the image is intended to behave as a full width banner across the top of the article.&lt;/p&gt;

&lt;h2 id=&#34;homepage-sections:50520eca797b64e52c81481b712cad22&#34;&gt;Homepage sections&lt;/h2&gt;

&lt;p&gt;Homepage sections for publications, projects and posts will automatically hide when there is no content of the respective type. Therefore, if you do not require a particular feature, you can simply delete any associated content in the &lt;code&gt;content/&lt;/code&gt; folder.&lt;/p&gt;

&lt;h3 id=&#34;introduce-yourself-with-a-biography:50520eca797b64e52c81481b712cad22&#34;&gt;Introduce yourself with a biography&lt;/h3&gt;

&lt;p&gt;Place a cropped portrait photo named &lt;code&gt;portrait.jpg&lt;/code&gt; into the &lt;code&gt;static/img/&lt;/code&gt; folder, overwriting any defaults.&lt;/p&gt;

&lt;p&gt;Edit your biography in the example &lt;code&gt;content/home/about.md&lt;/code&gt; file that you copied across from the &lt;code&gt;themes/academic/exampleSite/&lt;/code&gt; folder. The research interests and qualifications are stored separately as &lt;code&gt;interests&lt;/code&gt; and &lt;code&gt;education&lt;/code&gt; variables under &lt;code&gt;[params.about]&lt;/code&gt; in &lt;code&gt;config.toml&lt;/code&gt;, as can be seen in the example config. It&amp;rsquo;s possible to completely hide the interests and education lists by deleting their respective variables.&lt;/p&gt;

&lt;h3 id=&#34;add-a-section-to-the-homepage:50520eca797b64e52c81481b712cad22&#34;&gt;Add a section to the homepage&lt;/h3&gt;

&lt;p&gt;To add a new section to the homepage:&lt;/p&gt;

&lt;pre&gt;&lt;code&gt;hugo new home/my-section-name.md
&lt;/code&gt;&lt;/pre&gt;

&lt;p&gt;Then edit the newly created file &lt;code&gt;content/home/my-section-name.md&lt;/code&gt; with your section title and content. In the &lt;code&gt;+++&lt;/code&gt; preamble, you should also increment the &lt;code&gt;section_id&lt;/code&gt; to ensure it&amp;rsquo;s unique amongst the other sections in &lt;code&gt;content/home&lt;/code&gt; and you can adjust &lt;code&gt;weight&lt;/code&gt; variable to change the order within the custom section of the home page.&lt;/p&gt;

&lt;p&gt;You may also wish to add a navigation link pointing to the new section. This can be achieved by adding something similar to the following lines to your &lt;code&gt;config.toml&lt;/code&gt;, where the URL will consist of the first title word in lowercase:&lt;/p&gt;

&lt;pre&gt;&lt;code&gt;[[menu.main]]
    name = &amp;quot;Research&amp;quot;
    url = &amp;quot;#research&amp;quot;
    weight = 10
&lt;/code&gt;&lt;/pre&gt;

&lt;h2 id=&#34;create-a-publication:50520eca797b64e52c81481b712cad22&#34;&gt;Create a publication&lt;/h2&gt;

&lt;p&gt;To create a new publication:&lt;/p&gt;

&lt;pre&gt;&lt;code&gt;hugo new publication/my-paper-name.md
&lt;/code&gt;&lt;/pre&gt;

&lt;p&gt;Then edit the default variables at the top of &lt;code&gt;content/publication/my-paper-name.md&lt;/code&gt; to include the details of your publication. The &lt;code&gt;url_&lt;/code&gt; variables are used to generate links associated with your publication, such as for viewing PDFs of papers. Here is an example:&lt;/p&gt;

&lt;pre&gt;&lt;code&gt;+++
abstract = &amp;quot;An abstract...&amp;quot;
authors = [&amp;quot;First author&#39;s name&amp;quot;, &amp;quot;Second author&#39;s name&amp;quot;]
date = &amp;quot;2013-07-01&amp;quot;
image = &amp;quot;&amp;quot;
image_preview = &amp;quot;&amp;quot;
math = false
publication = &amp;quot;The publishing part of the citation goes here. You may use *Markdown* for italics etc.&amp;quot;
title = &amp;quot;A publication title, such as title of a paper&amp;quot;
url_code = &amp;quot;&amp;quot;
url_dataset = &amp;quot;&amp;quot;
url_pdf = &amp;quot;pdf/my-paper-name.pdf&amp;quot;
url_project = &amp;quot;&amp;quot;
url_slides = &amp;quot;&amp;quot;
url_video = &amp;quot;&amp;quot;
+++

Further details on your publication can be written here using *Markdown* for formatting. This text will be displayed on the Publication Detail page.
&lt;/code&gt;&lt;/pre&gt;

&lt;p&gt;The &lt;code&gt;url_&lt;/code&gt; links can either point to local or web content. Associated local publication content, such as PDFs, may be copied to a &lt;code&gt;static/pdf/&lt;/code&gt; folder and referenced like &lt;code&gt;url_pdf = &amp;quot;pdf/my-paper-name.pdf&amp;quot;&lt;/code&gt;.&lt;/p&gt;

&lt;p&gt;You can also associate custom link buttons with the publication by adding the following block(s) within the variable preamble above, which is denoted by &lt;code&gt;+++&lt;/code&gt;:&lt;/p&gt;

&lt;pre&gt;&lt;code&gt;[[url_custom]]
    name = &amp;quot;Custom Link&amp;quot;
    url = &amp;quot;http://www.example.org&amp;quot;
&lt;/code&gt;&lt;/pre&gt;

&lt;p&gt;If you enabled &lt;code&gt;detailed_list&lt;/code&gt; for publications in &lt;code&gt;config.toml&lt;/code&gt;, then there are a few more optional variables that you can include in the publication page preamble. You may use &lt;code&gt;abstract_short = &amp;quot;friendly summary of abstract&amp;quot;&lt;/code&gt; and &lt;code&gt;publication_short = &amp;quot;abbreviated publication details&amp;quot;&lt;/code&gt; to display a friendly summary of the abstract and abbreviate the publication details, respectively. Furthermore, there is the option to display a different image on the homepage to the publication detail page by setting &lt;code&gt;image_preview = &amp;quot;my-image.jpg&amp;quot;&lt;/code&gt;. This can be useful if you wish to scale down the image for the homepage or simply if you just wish to show a different image for the preview.&lt;/p&gt;

&lt;h2 id=&#34;post-an-article:50520eca797b64e52c81481b712cad22&#34;&gt;Post an article&lt;/h2&gt;

&lt;p&gt;To create a blog/news article:&lt;/p&gt;

&lt;pre&gt;&lt;code&gt;hugo new post/my-article-name.md
&lt;/code&gt;&lt;/pre&gt;

&lt;p&gt;Then edit the newly created file &lt;code&gt;content/post/my-article-name.md&lt;/code&gt; with your full title and content.&lt;/p&gt;

&lt;h2 id=&#34;create-a-project:50520eca797b64e52c81481b712cad22&#34;&gt;Create a project&lt;/h2&gt;

&lt;p&gt;To create a project:&lt;/p&gt;

&lt;pre&gt;&lt;code&gt;hugo new project/my-project-name.md
&lt;/code&gt;&lt;/pre&gt;

&lt;p&gt;Then edit the newly created file &lt;code&gt;content/project/my-project-name.md&lt;/code&gt;. Either you can link the project to an external project website by setting the &lt;code&gt;external_link = &amp;quot;http://external-project.com&amp;quot;&lt;/code&gt; variable at the top of the file, or you can add content (below the final &lt;code&gt;+++&lt;/code&gt;) in order to render a project page on your website.&lt;/p&gt;

&lt;h2 id=&#34;removing-content:50520eca797b64e52c81481b712cad22&#34;&gt;Removing content&lt;/h2&gt;

&lt;p&gt;Generally, to remove content, simply delete the relevant file from your &lt;code&gt;content/post&lt;/code&gt;, &lt;code&gt;content/publication&lt;/code&gt;, &lt;code&gt;content/project&lt;/code&gt;, or &lt;code&gt;content/home&lt;/code&gt; folder.&lt;/p&gt;

&lt;h2 id=&#34;view-your-updated-site:50520eca797b64e52c81481b712cad22&#34;&gt;View your updated site&lt;/h2&gt;

&lt;p&gt;After you have made changes to your site, you can view it by running the &lt;code&gt;hugo server --watch&lt;/code&gt; command and then opening &lt;a href=&#34;http://localhost:1313&#34;&gt;localhost:1313&lt;/a&gt; in your web browser.&lt;/p&gt;

&lt;h2 id=&#34;deploy-your-site:50520eca797b64e52c81481b712cad22&#34;&gt;Deploy your site&lt;/h2&gt;

&lt;p&gt;Finally, you can build the static website to a &lt;code&gt;public/&lt;/code&gt; folder ready for deployment using the &lt;code&gt;hugo&lt;/code&gt; command.&lt;/p&gt;

&lt;p&gt;You may then deploy your site by copying the &lt;code&gt;public/&lt;/code&gt; directory (by FTP, SFTP, WebDAV, Rsync, git push, etc.) to your production web server.&lt;/p&gt;

&lt;p&gt;Note that running &lt;code&gt;hugo&lt;/code&gt; does not remove any previously generated files before building. Therefore, it&amp;rsquo;s best practice to delete your &lt;code&gt;public/&lt;/code&gt; directory prior to running &lt;code&gt;hugo&lt;/code&gt; to ensure no old or interim files are deployed to your server.&lt;/p&gt;
</description>
    </item>
    
  </channel>
</rss>