<?xml version="1.0" encoding="utf-8" standalone="yes" ?>
<rss version="2.0" xmlns:atom="http://www.w3.org/2005/Atom">
  <channel>
    <title>Publications on Hugo González Labrador</title>
    <link>http://hugo.labkode.com/publication/</link>
    <description>Recent content in Publications on Hugo González Labrador</description>
    <generator>Hugo -- gohugo.io</generator>
    <language>en-us</language>
    <copyright>&amp;copy; 2016 Hugo González Labrador</copyright>
    <lastBuildDate>Wed, 15 Jun 2016 00:00:00 +0000</lastBuildDate>
    <atom:link href="http://hugo.labkode.com/publication/index.xml" rel="self" type="application/rss+xml" />
    
    <item>
      <title>CERNBox: Petabyte-Scale Cloud Synchronisation and Sharing Platform</title>
      <link>http://hugo.labkode.com/publication/cernbox-petabyte-scale/</link>
      <pubDate>Wed, 15 Jun 2016 00:00:00 +0000</pubDate>
      
      <guid>http://hugo.labkode.com/publication/cernbox-petabyte-scale/</guid>
      <description></description>
    </item>
    
    <item>
      <title>CERNBox &#43; EOS: end-user storage for science</title>
      <link>http://hugo.labkode.com/publication/cernbox-plus-eos/</link>
      <pubDate>Wed, 23 Dec 2015 00:00:00 +0000</pubDate>
      
      <guid>http://hugo.labkode.com/publication/cernbox-plus-eos/</guid>
      <description></description>
    </item>
    
    <item>
      <title>Disk storage at CERN</title>
      <link>http://hugo.labkode.com/publication/disk-storage-cern/</link>
      <pubDate>Wed, 23 Dec 2015 00:00:00 +0000</pubDate>
      
      <guid>http://hugo.labkode.com/publication/disk-storage-cern/</guid>
      <description></description>
    </item>
    
  </channel>
</rss>